step,time,n,total_mass,kinetic_energy,potential_energy,total_energy,momentum_x,momentum_y,momentum_z,center_of_mass_x,center_of_mass_y,center_of_mass_z,angular_momentum_x,angular_momentum_y,angular_momentum_z
0,0,250,2.0000000000000013,0.44590292555244521,-5.190493570363202,-4.7445906448107564,0.053684245107516335,0.037037546135158604,0.01785338114780631,0.006106488577750405,-0.012718039815023655,-0.0085130163756543496,0.04498127175600139,-0.180328244848383,0.19626848440323585
20,0.20000000000000001,250,2.0000000000000013,3.5120442734879727,-8.2578314689889325,-4.7457871955009594,0.053692779517229609,0.037032282398488582,0.01785107116529636,0.011475124883699415,-0.0090146006494477415,-0.0067278213613388748,0.044981955527545366,-0.18033075659313283,0.19627170721153456
