step,time,n,total_mass,kinetic_energy,potential_energy,total_energy,momentum_x,momentum_y,momentum_z,center_of_mass_x,center_of_mass_y,center_of_mass_z,angular_momentum_x,angular_momentum_y,angular_momentum_z
0,0,1000,2.0000000000000013,0.44455309770929352,-5.0275673776236207,-4.5830142799143267,0.012703732995595253,-0.010985208747088157,-0.01194671054963547,-0.0030994729432558391,-0.0013932685463710097,0.00010676279202250398,0.045361858138042922,-0.18106545409746444,0.18673727256062661
20,0.20000000000000001,1000,2.0000000000000013,3.415492725188062,-8.0095961005554521,-4.5941033753673901,0.012714387486991365,-0.010989722045759775,-0.011944386443439495,-0.001828229056084599,-0.0024916171060474918,-0.0010873381694888478,0.045356363411237971,-0.18104980726394052,0.18673797056173769
