step,time,n,total_mass,kinetic_energy,potential_energy,total_energy,momentum_x,momentum_y,momentum_z,center_of_mass_x,center_of_mass_y,center_of_mass_z,angular_momentum_x,angular_momentum_y,angular_momentum_z
0,0,500,2.0000000000000013,0.4436216257283499,-5.0997090627866513,-4.656087437058301,0.0024649844998923896,0.0021307708063041889,0.00057602114044567518,0.00049239960158209287,-0.0037073460266300261,-0.0015104244511356883,0.046521279271939726,-0.18686777141919492,0.19475073077961433
20,0.20000000000000001,500,2.0000000000000013,3.3104308040495249,-7.9302139453420217,-4.6197831412924968,0.0025680695681503008,0.0021487248083992385,0.00056821441057028181,0.00074188499809287533,-0.0034929613996020374,-0.0014524597733933725,0.046511888171457322,-0.18682768876272088,0.19472210476304661
