step,time,n,total_mass,kinetic_energy,potential_energy,total_energy,momentum_x,momentum_y,momentum_z,center_of_mass_x,center_of_mass_y,center_of_mass_z,angular_momentum_x,angular_momentum_y,angular_momentum_z
0,0,500,2.0000000000000013,0.4436216257283499,-5.0997090627866513,-4.656087437058301,0.0024649844998923896,0.0021307708063041889,0.00057602114044567518,0.00049239960158209287,-0.0037073460266300261,-0.0015104244511356883,0.046521279271939726,-0.18686777141919492,0.19475073077961433
20,0.20000000000000001,500,2.0000000000000013,3.310413455030965,-7.9301691809397372,-4.6197557259087727,0.0024817183288165625,0.002141092811967029,0.00057787625149514584,0.00073952259240401348,-0.0034939030540988734,-0.0014527833823710734,0.046519921636830608,-0.18686306950759074,0.1947429898269209
